id,value
内置对象
内置对象.全局对象
内置对象.全局对象.全局对象的值属性
内置对象.全局对象.全局对象的值属性.Infinity
内置对象.全局对象.全局对象的值属性.NaN
内置对象.全局对象.全局对象的值属性.undefined
内置对象.全局对象.全局对象的函数属性
内置对象.全局对象.全局对象的函数属性.eval
内置对象.全局对象.全局对象的函数属性.isFinite
内置对象.全局对象.全局对象的函数属性.isNaN
内置对象.全局对象.全局对象的函数属性.parseFloat
内置对象.全局对象.全局对象的函数属性.parseInt
内置对象.全局对象.全局对象的函数属性.处理 URI 的函数属性
内置对象.全局对象.全局对象的函数属性.处理 URI 的函数属性.decodeURI
内置对象.全局对象.全局对象的函数属性.处理 URI 的函数属性.decodeURIComponent
内置对象.全局对象.全局对象的函数属性.处理 URI 的函数属性.encodeURI
内置对象.全局对象.全局对象的函数属性.处理 URI 的函数属性.encodeURIComponent
内置对象.全局对象.全局对象的构造器属性
内置对象.全局对象.全局对象的构造器属性.Array
内置对象.全局对象.全局对象的构造器属性.ArrayBuffer
内置对象.全局对象.全局对象的构造器属性.Boolean
内置对象.全局对象.全局对象的构造器属性.DataView
内置对象.全局对象.全局对象的构造器属性.Date
内置对象.全局对象.全局对象的构造器属性.Error
内置对象.全局对象.全局对象的构造器属性.EvalError
内置对象.全局对象.全局对象的构造器属性.Float32Array
内置对象.全局对象.全局对象的构造器属性.Float64Array
内置对象.全局对象.全局对象的构造器属性.Function
内置对象.全局对象.全局对象的构造器属性.Int8Array
内置对象.全局对象.全局对象的构造器属性.Int16Array
内置对象.全局对象.全局对象的构造器属性.Int32Array
内置对象.全局对象.全局对象的构造器属性.Map
内置对象.全局对象.全局对象的构造器属性.Number
内置对象.全局对象.全局对象的构造器属性.Object
内置对象.全局对象.全局对象的构造器属性.Proxy
内置对象.全局对象.全局对象的构造器属性.Promise
内置对象.全局对象.全局对象的构造器属性.RangeError
内置对象.全局对象.全局对象的构造器属性.ReferenceError
内置对象.全局对象.全局对象的构造器属性.RegExp
内置对象.全局对象.全局对象的构造器属性.Set
内置对象.全局对象.全局对象的构造器属性.String
内置对象.全局对象.全局对象的构造器属性.Symbol
内置对象.全局对象.全局对象的构造器属性.SyntaxError
内置对象.全局对象.全局对象的构造器属性.TypeError
内置对象.全局对象.全局对象的构造器属性.Uint8Array
内置对象.全局对象.全局对象的构造器属性.Uint8ClampedArray
内置对象.全局对象.全局对象的构造器属性.Uint16Array
内置对象.全局对象.全局对象的构造器属性.Uint32Array
内置对象.全局对象.全局对象的构造器属性.URIError
内置对象.全局对象.全局对象的构造器属性.WeakMap
内置对象.全局对象.全局对象的构造器属性.WeakSet
内置对象.全局对象.全局对象的其它属性
内置对象.全局对象.全局对象的其它属性.JSON
内置对象.全局对象.全局对象的其它属性.Math
内置对象.全局对象.全局对象的其它属性.Reflect
内置对象.基本对象
内置对象.基本对象.Object
内置对象.基本对象.Function
内置对象.基本对象.Boolean
内置对象.基本对象.Error
内置对象.基本对象.Error.内置异常
内置对象.基本对象.Error.内置异常.EvalError
内置对象.基本对象.Error.内置异常.RangeError
内置对象.基本对象.Error.内置异常.ReferenceError
内置对象.基本对象.Error.内置异常.SyntaxError
内置对象.基本对象.Error.内置异常.TypeError
内置对象.基本对象.Error.内置异常.URIError
内置对象.数值和时间
内置对象.数值和时间.Number
内置对象.数值和时间.Math
内置对象.数值和时间.Date
内置对象.文本处理
内置对象.文本处理.String
内置对象.文本处理.RegExp
内置对象.索引集合
内置对象.索引集合.Array
内置对象.索引集合.TypedArray
内置对象.索引集合.TypedArray.Int8Array
内置对象.索引集合.TypedArray.Uint8Array
内置对象.索引集合.TypedArray.Uint8ClampedArray
内置对象.索引集合.TypedArray.Int16Array
内置对象.索引集合.TypedArray.Uint16Array
内置对象.索引集合.TypedArray.Int32Array
内置对象.索引集合.TypedArray.Uint32Array
内置对象.索引集合.TypedArray.Float32Array
内置对象.索引集合.TypedArray.Float64Array
内置对象.键值对集合
内置对象.键值对集合.Map
内置对象.键值对集合.Set
内置对象.键值对集合.WeakMap
内置对象.键值对集合.WeakSet
内置对象.结构化数据
内置对象.结构化数据.ArrayBuffer
内置对象.结构化数据.DataView
内置对象.结构化数据.JSON
内置对象.控制对象
内置对象.控制对象.Iterable
内置对象.控制对象.GeneratorFunction
内置对象.控制对象.Generator
内置对象.控制对象.Promise
内置对象.反射
内置对象.反射.Reflect
内置对象.反射.Proxy